Pluchei,Pluc_33_new
Pluchei,Pluc_34_new
Pluchei,Pluc_35_new
Pluchei,Pluc_1_new
Pluchei,Pluc_5_new
Pluchei,Pluc_6_new
Pluchei,Pluc_9_new
Pluchei,Pluc_10_new
Pluchei,Pluc_11_new
Pluchei,Pluc_54
Pluchei,Pluc_60
Pluchei,Pluc_61
Pluchei,Pluc_62
Pluchei,Pluc_63
Pluchei,Pluc_64
Pluchei,Pluc_65
Pluchei,Pluc_66
Pluchei,Pluc_69
Pluchei,Pluc_70
Pluchei,Pluc_72
Hogna,Hogna_51
Hogna,Hogna_52
Hogna,Hogna_53
Hogna,Hogna_54
Hogna,Hogna_55
Hogna,Hogna_58
Hogna,Hogna60
Hogna,Hogna61
Hogna,Hogna62
Hogna,Hogna63
Hogna,Hogna64
Hogna,Hogna65
Hogna,Hogna66
Hogna,Hogna67
Hogna,Hogna68
Hogna,Hogna69
Hogna,Hogna70
Hogna,Hogna71
Hogna,Hogna76
Hogna,Hogna77
Hogna,Hogna78
Hogna,Hogna79
Hogna,Hogna80
Hogna,Hogna81
Hogna,Hogna82
Hogna,Hogna83
Hogna,Hogna84
Scolopendra,Scol50
Scolopendra,Scol51
Scolopendra,Scol52
Scolopendra,Scol53
Scolopendra,Scol56
Scolopendra,Scol57
Scolopendra,Scol59
Scolopendra,Scol60
Scolopendra,Scol61
Scolopendra,Scol62
Scolopendra,Scol63
Scolopendra,Scol64
Scolopendra,Scol66
Oncopeltus,Oncop_9
Oncopeltus,Oncop_10
Oncopeltus,Oncop_11
Oncopeltus,Oncop_17
Oncopeltus,Oncop_25
Oncopeltus,Oncop_26
Oncopeltus,Oncop_33
Oncopeltus,Oncop_34
Oncopeltus,Oncop_35
Oncopeltus,Oncop_41
Oncopeltus,Oncop_42
Oncopeltus,Oncop_45
Oncopeltus,Oncop_47
Scutigera,Scut50
Scutigera,Scut51
Scutigera,Scut52
Scutigera,Scut53
Scutigera,Scut54
Scutigera,Scut55
Scutigera,Scut58
Scutigera,Scut59
Scutigera,Scut60
Scutigera,Scut64
Scutigera,Scut63
Scutigera,Scut68
Scutigera,Scut70
Scutigera,Scut71
Scutigera,Scut72
Archispirostreptus,Arch50
Archispirostreptus,Arch52
Archispirostreptus,Arch54
Archispirostreptus,Arch55
Archispirostreptus,Arch56
Archispirostreptus,Arch57
Archispirostreptus,Arch58
Archispirostreptus,Arch67
